{"_id":{"$oid":"5ceeeacae2599b7bd2886a36"},"title":"Warehouse Resumes","contentA":"When writing your warehouse resume, you may want to highlight your experience moving and lifting objects, working as part of a team, operating equipment such as forklifts and pallet jacks, and your familiarity with any database or software systems. Select the warehouse job title that interests you below and browse the examples for inspiration.","category":"warehouse-resume","locale":"en_us"}
{"_id":{"$oid":"5ceeeacae2599b7bd2886a29"},"title":"Education Resumes","contentA":"Jobs in the education field often require specific degrees and certifications. When writing your education resume, you may want to call out your credentials in the headline or summary statement. Requirements for the job may vary greatly depending on whether you're seeking employment in early childhood education, special education or at a university. Choose the education job title that interest your and browse the example resumes for inspiration.","category":"education-resumes","locale":"en_us"}
{"_id":{"$oid":"5ceeeacae2599b7bd2886a38"},"title":"Retail Resume Samples","contentA":"Many jobs in the retail industry require excellent customer service and teamwork skills. When writing your resume, highlight your results and accomplishments in these areas rather than listing tasks you've performed. If you're pursuing a management position, you may want to surface your ability to motivate and lead others.","category":"retail-resume-samples","locale":"en_us"}
{"_id":{"$oid":"5ceeeacae2599b7bd2886a26"},"title":"Construction Resumes","contentA":"When writing your Construction resume, you may want to highlight your work experience rather than your education. At the same time, you may want to clearly list any certifications that have prepared you for the job.  Construction resumes often highlight skills and experience related to a specific expertise, safety and teamwork. Consider how your past experiences relate to these skill sets as you write your resume.","category":"construction-resumes","locale":"en_us"}
{"_id":{"$oid":"5ceeeacae2599b7bd2886a37"},"title":"Safety and Security Resumes","contentA":"There are many kinds of jobs in the safety and security sector. Roles can range from serving as a security guard on a corporate campus to working as a loss prevention manager in a retail environment. Regardless of the role you're pursuing, your resume needs to communicate your excellent attention to detail, as well as responsibility and responsiveness.","category":"safety-and-security-resumes","locale":"en_us"}
{"_id":{"$oid":"5ceeeacae2599b7bd2886a2a"},"title":"Customer Service Resumes","contentA":"Customer service resumes often highlight qualifications and experience in customer-facing roles and industries. When you're writing your resume, emphasize your interpersonal skills, organizational abilities and experience in the customer service field. If you're applying for more senior-level roles, highlight your accomplishments as a leader.","category":"customer-service-resumes","locale":"en_us"}
{"_id":{"$oid":"5ceeeacae2599b7bd2886a2b"},"title":"Food Service Resumes","contentA":"Depending on the type of job, food service resumes often reference experience preparing food, serving food, keeping kitchens and dining spaces clean, and/or washing dishes. When writing your resume, you may want to reference the experience you have working as part of a team in fast-paced work environments.","category":"food-service-resumes","locale":"en_us"}
{"_id":{"$oid":"5ceeeacae2599b7bd2886a25"},"title":"Business Resumes","contentA":"Attention to detail, organization and strategic thinking are all important skills to showcase on your business resume. You may want to begin with a summary or headline statement that makes your qualifications and career goals clear. When writing out your work experience, quantify your accomplishments as much as possible.","category":"business-resumes","locale":"en_us"}
{"_id":{"$oid":"5ceeeacae2599b7bd2886a39"},"title":"Information Technology Resumes","contentA":"Jobs in the tech industry can be competitive so it's important to highlight the software, tools, networks, and languages you're familiar with. Regardless of the I.T. role you're pursuing, start your resume with a strong headline or summary statement, focusing on your accomplishments. When writing your resume, reflect on the job descriptions that interest you and consider how your background and qualifications match up with the requirements.","category":"information-technology-resumes","locale":"en_us"}
{"_id":{"$oid":"5ceeeacae2599b7bd2886a28"},"title":"Design and Media Resumes","contentA":"When you're preparing your design and media resume, keep in mind that employers will likely want to see a portfolio of works as well as a summary of your education and employment history.  On your resume, be sure to highlight your familiarity with any software that may be used in your profession and include your level of experience (beginner, intermediate or advanced).","category":"design-and-media-resumes","locale":"en_us"}
{"_id":{"$oid":"5ceeeacae2599b7bd2886a23"},"title":"Administrative Resumes","contentA":"Attention to detail and project management are essential skills for administrative professionals. Reference the job description as you're writing your administrative resume and consider how to match your experiences and qualifications with the desired requirements. Employers are likely to take note of your expertise in administration. If you are pursuing more senior-level roles, you may want to call out your years of experience in the summary or headline statement of your resume.","category":"administrative-resumes","locale":"en_us"}
{"_id":{"$oid":"5ceeeacae2599b7bd2886a2d"},"title":"Finance Resumes","contentA":"Job opportunities in finance often involve working with financial data and reporting on financial results. When writing your financial resume, you may want to highlight your experience with any software you may have used related to this area (Microsoft Excel, for example). Be sure to include your level of familiarity with any software: beginner, intermediate or advanced.","category":"finance-resumes","locale":"en_us"}
{"_id":{"$oid":"5ceeeacae2599b7bd2886a35"},"title":"Manufacturing and Maintenance Resumes","contentA":"Specific certifications or licenses may be required for some jobs in manufacturing and maintenance. Call these out clearly on your resume if they are applicable to the job you're pursuing. Reference the job description as you're writing your manufacturing, maintenance or production-related resume. Consider how to match your experiences and qualifications with the desired requirements.","category":"manufacturing-and-maintenance-resumes","locale":"en_us"}
{"_id":{"$oid":"5ceeeacae2599b7bd2886a2c"},"title":"Government Resumes","contentA":"Jobs in government and the nonprofit sector are diverse. As a result, your resume for a job in these fields may highlight different skills, certifications and educational background depending on the opportunity you are pursuing. Regardless of the job or employer, the goal of your resume is to clearly communicate your qualifications and professional aspirations—making it easy for hiring managers to see you as a great fit.","category":"government-and-nonprofit-resumes","locale":"en_us"}
{"_id":{"$oid":"5ceeeacae2599b7bd2886a2e"},"title":"Engineering Resumes","contentA":"Applicants for jobs in engineering are often required to demonstrate technical expertise and problem solving abilities. Reference the job description as you're writing your engineering resume and consider how your skills and background match with the requirements. You may want to include a headline or summary statement that clearly communicates your goals and qualifications.","category":"engineering-resumes","locale":"en_us"}
{"_id":{"$oid":"5ceeeacae2599b7bd2886a32"},"title":"Legal Resumes","contentA":"When you're writing your legal resume, carefully consider the audience. Depending on whether you are applying for a large law firm, a small practice or a corporation, you may want to highlight different experiences and qualifications. Choose the legal job title that interests you below and browse the resume examples for inspiration.","category":"legal-resumes","locale":"en_us"}
{"_id":{"$oid":"5ceeeacae2599b7bd2886a27"},"title":"Childcare Resumes","contentA":"It is important for your childcare resume to clearly communicate your qualifications and reputation. You may want to begin with a summary or headline statement that neatly explains your background and experience. Many childcare professionals highlight their certifications, including educational background and healthcare skills such as first aid and CPR.","category":"childcare-resumes","locale":"en_us"}
{"_id":{"$oid":"5ceeeacae2599b7bd2886a33"},"title":"Marketing and Sales Resumes","contentA":"Communication skills are essential to many roles in marketing and sales. When writing your resume, focus on the results you achieved when applying your excellent written and oral communication abilities. Because many jobs in this field may require you to be persuasive and succinct, you'll want your resume to demonstrate those skills as well. Triple check for spelling errors and grammatical mistakes so you can put your best foot forward. Be sure to mention any specific software, reporting tools, and industries you've worked with.","category":"marketing-and-sales-resumes","locale":"en_us"}
{"_id":{"$oid":"5ceeeacae2599b7bd2886a31"},"title":"Human Resources Resumes","contentA":"Many HR resumes begin with a strong headline or summary statement. From the start, your resume should broadcast your excellent communication and interpersonal skills. In some cases, you may want to highlight any additional HR certifications or training you've received. Choose the job title that interests you and browse the resume examples for inspiration.","category":"human-resources-resumes","locale":"en_us"}
{"_id":{"$oid":"5ceeeacae2599b7bd2886a30"},"title":"Health and Beauty Resumes","contentA":"Your resume for jobs in the health and beauty industry should highlight your education, certifications and any special training you've received. You may also want to surface your experience and reputation in delivering high quality customer service. Reference the job descriptions you're considering as you write your resume. Reflect on how your background and qualifications match the requirements of the job, and use your resume to let those details shine.","category":"health-and-beauty-resumes","locale":"en_us"}
{"_id":{"$oid":"5ceeeacae2599b7bd2886a22"},"title":"Arts Resumes","contentA":"When you're preparing your application for jobs in the arts, keep in mind that employers will likely want to see a portfolio of artistic works as well as a summary of your education and employment history.  On your resume, be sure to highlight your familiarity with any software that may be used in your profession and include your level of experience (beginner, intermediate or advanced).","category":"arts-resumes","locale":"en_us"}
{"_id":{"$oid":"5ceeeacae2599b7bd2886a24"},"title":"Driver Resumes","contentA":"Many driver resumes highlight licenses and certifications as well as a track record of safety. Some driving jobs require that candidates be able to lift a certain amount and meet other physical requirements. You may want to include any abilities related to these requirements on your resume.","category":"driver-resumes","locale":"en_us"}
{"_id":{"$oid":"5ceeeacae2599b7bd2886a34"},"title":"Medical and Nursing Resumes","contentA":"When writing your resume for medical and nursing jobs, make it easy for employers to easily spot your educational degrees and certifications. Whether you're applying for a Registered Nurse, Practical Nurse, Vocational Nurse, Certified Nursing Assistant, or another Nursing role, be sure to highlight your roles and responsibilities when listing your experience. Select the job title that interests you below, and browse the example resumes for inspiration on how to do just that.","category":"medical-and-nursing-resumes","locale":"en_us"}
{"_id":{"$oid":"5ceeeacae2599b7bd2886a2f"},"title":"Hospitality Resumes","contentA":"Whether you're applying for a job in housekeeping or management, your hospitality will need to emphasize a commitment to delivering the highest quality customer service and experience working as part of a team. You may want to include a headline or summary statement that clearly communicates your qualifications and professional aspirations as they relate to the job you're seeking.","category":"hospitality-resumes","locale":"en_us"}
